barcodes	label_id	label	ent	ENO3	PECAM1	CD34	CLEC14A	KDR	MCAM	NCAM1	NOS3	PTPRC	ID1	ID3	PCNA	TTN	CDK1	MYH3	CSPG4	PDGFRB	CD82	FUT4	KIT	ACTA1	SMTN	THY1	VCAM1	CXCR4	NANOG	RUNX1	CD9	CD44	VSIG4	C1QB	C1QC	VCAN	S100A8	S100A12	mahalanobis_0	mahalanobis_1	mahalanobis_2	mahalanobis_3	mahalanobis_4	mahalanobis_5	mahalanobis_6	mahalanobis_7	mahalanobis_8	mahalanobis_9	mahalanobis_10	mahalanobis_11	mahalanobis_12	mahalanobis_13
AACCATGAGAGTGACC	0	Cell of skeletal muscle	0.0	60	55	55	0	0	0	0	0	0	0	0	0	0	0	0	0	54	0	0	62	0	0	58	59	0	62	59	0	45	62	0	59	55	0	0	1.0	0.0	0.0	0.0	0.0	0.0	0.0	0.0	0.0	0.0	0.0	0.0	0.0	0.0
AAGGAGCAGAGTCTGG	2	Muscle-derived stem cell	0.0	0	0	0	0	61	0	0	0	0	0	0	0	0	0	0	0	0	0	0	0	0	0	0	0	0	0	0	0	0	0	0	0	0	0	0	0.0	0.0	1.0	0.0	0.0	0.0	0.0	0.0	0.0	0.0	0.0	0.0	0.0	0.0
AATCCAGGTGAGCGAT	2	Muscle-derived stem cell	0.0	0	0	0	61	0	0	0	0	0	0	0	0	0	0	0	0	0	0	0	0	0	0	0	0	0	0	0	0	0	0	0	0	0	0	0	0.0	0.0	1.0	0.0	0.0	0.0	0.0	0.0	0.0	0.0	0.0	0.0	0.0	0.0
ACACCAAAGTCTCCTC	2	Muscle-derived stem cell	0.0	0	0	0	0	0	0	0	0	0	0	0	0	0	0	0	0	0	0	0	0	61	0	0	0	0	0	0	0	0	0	0	0	0	0	0	0.0	0.0	1.0	0.0	0.0	0.0	0.0	0.0	0.0	0.0	0.0	0.0	0.0	0.0
ACCAGTACAGGGAGAG	4	Myotube	1.7917594692280547	0	0	61	0	0	0	0	0	0	0	0	0	0	0	0	0	61	0	0	0	0	0	57	61	0	0	0	0	0	0	0	0	57	0	0	0.0	0.0	5.8750744508735025e-95	0.0	0.16666666666666674	0.0	0.0	0.0	0.16666666666666674	0.16666666666666674	0.16666666666666674	0.16666666666666674	0.0	0.16666666666666674
ACGATACGTTCCACGG	2	Muscle-derived stem cell	0.0	0	0	0	0	0	61	0	0	0	0	0	0	0	0	0	0	0	0	0	0	0	0	0	0	0	0	0	0	0	0	0	0	0	0	0	0.0	0.0	1.0	0.0	0.0	0.0	0.0	0.0	0.0	0.0	0.0	0.0	0.0	0.0
ACGATGTTCGAGAGCA	2	Muscle-derived stem cell	0.0	0	0	0	0	0	0	0	0	0	0	0	0	0	0	0	0	0	0	0	0	0	0	0	0	0	0	0	0	0	0	62	0	0	59	0	0.0	0.0	1.0	0.0	0.0	0.0	0.0	0.0	0.0	0.0	0.0	0.0	0.0	0.0
ACTATCTTCTTGCAAG	12	Monocyte	0.0	0	0	0	0	0	0	0	0	0	0	0	0	0	0	0	0	0	0	0	0	0	0	0	0	60	0	61	0	59	0	0	0	58	57	60	0.0	0.0	0.0	0.0	0.0	0.0	0.0	0.0	0.0	0.0	0.0	0.0	1.0	0.0
AGCGTATAGAATTGTG	4	Myotube	1.7917594692280547	0	59	0	59	0	59	0	0	0	0	0	0	0	0	0	0	0	0	0	0	0	0	0	0	0	0	0	0	0	0	0	0	54	0	0	0.0	0.0	5.8280429897716815e-87	0.0	0.16666666666666674	0.0	0.0	0.0	0.16666666666666674	0.16666666666666674	0.16666666666666674	0.16666666666666674	0.0	0.16666666666666674
AGGGTGACACTGTCGG	2	Muscle-derived stem cell	0.0	0	0	0	0	0	0	0	0	0	0	0	0	0	0	62	0	0	0	0	0	0	0	0	0	0	0	0	0	0	0	0	0	0	0	0	0.0	0.0	1.0	0.0	0.0	0.0	0.0	0.0	0.0	0.0	0.0	0.0	0.0	0.0
AGGGTGATCTCTAAGG	2	Muscle-derived stem cell	0.0	0	0	0	0	0	0	0	0	0	0	0	0	0	0	0	0	55	0	0	0	0	0	53	0	0	0	0	0	52	0	0	0	56	0	0	0.0	0.0	1.0	0.0	0.0	0.0	0.0	0.0	0.0	0.0	0.0	0.0	0.0	0.0
AGGTCATAGCTGCGAA	7	Stem cell	6.011878131450089e-90	0	0	59	0	0	0	0	0	0	0	0	0	0	0	0	0	60	0	0	0	0	0	52	0	0	0	0	57	47	0	0	0	49	0	0	0.0	0.0	2.8520728375663695e-92	0.0	0.0	0.0	0.0	1.0	0.0	0.0	0.0	0.0	0.0	0.0
ATCCACCCAGGTCTCG	2	Muscle-derived stem cell	0.0	0	0	0	0	0	0	0	0	0	0	0	0	60	0	0	0	0	0	0	0	0	0	0	0	0	0	0	0	0	0	0	0	0	0	0	0.0	0.0	1.0	0.0	0.0	0.0	0.0	0.0	0.0	0.0	0.0	0.0	0.0	0.0
ATGCGATTCCAAGCCG	2	Muscle-derived stem cell	0.0	0	0	0	0	0	60	0	0	0	0	0	0	0	0	0	0	0	0	0	0	0	0	0	0	0	0	0	0	0	0	0	0	0	0	0	0.0	0.0	1.0	0.0	0.0	0.0	0.0	0.0	0.0	0.0	0.0	0.0	0.0	0.0
ATTATCCCACCAGTTA	2	Muscle-derived stem cell	0.0	0	60	0	0	0	0	0	0	0	0	0	0	62	0	0	0	0	0	0	0	0	0	0	0	0	0	0	0	0	0	0	0	0	0	0	0.0	0.0	1.0	0.0	0.0	0.0	0.0	0.0	0.0	0.0	0.0	0.0	0.0	0.0
CACACAACAGTTAACC	2	Muscle-derived stem cell	0.0	0	0	0	0	0	0	0	0	0	0	0	0	0	0	0	0	0	0	0	0	0	0	0	0	0	0	0	0	60	0	0	0	61	0	0	0.0	0.0	1.0	0.0	0.0	0.0	0.0	0.0	0.0	0.0	0.0	0.0	0.0	0.0
CACACAATCGTGGACC	4	Myotube	1.7917594692280547	0	0	0	0	0	58	62	0	0	61	0	0	0	0	0	0	0	0	0	0	0	0	0	0	0	0	0	58	50	0	0	0	0	0	0	0.0	0.0	0.0	0.0	0.16666666666666674	0.0	0.0	0.0	0.16666666666666674	0.16666666666666674	0.16666666666666674	0.16666666666666674	0.0	0.16666666666666674
CACAGGCAGCAGGCTA	2	Muscle-derived stem cell	0.0	0	0	62	0	0	0	0	0	0	0	0	0	0	0	0	0	0	0	0	0	0	0	0	0	0	0	0	0	0	0	0	0	0	0	0	0.0	0.0	1.0	0.0	0.0	0.0	0.0	0.0	0.0	0.0	0.0	0.0	0.0	0.0
CACAGGCTCCGCAGTG	2	Muscle-derived stem cell	0.0	0	62	0	0	0	0	0	0	0	0	0	0	0	0	0	0	0	0	0	0	0	0	0	0	0	0	0	0	0	0	0	0	0	0	0	0.0	0.0	1.0	0.0	0.0	0.0	0.0	0.0	0.0	0.0	0.0	0.0	0.0	0.0
CATGCCTGTAGCGCTC	2	Muscle-derived stem cell	0.0	0	0	0	0	0	0	0	0	0	0	0	0	0	0	0	0	0	0	0	0	0	0	61	0	0	0	0	0	0	0	0	0	0	0	0	0.0	0.0	1.0	0.0	0.0	0.0	0.0	0.0	0.0	0.0	0.0	0.0	0.0	0.0
CATGCCTTCATCACCC	7	Stem cell	0.0	0	0	0	0	0	0	0	0	0	0	0	0	0	0	0	0	0	0	0	0	0	0	0	0	0	0	60	0	53	0	0	0	0	0	0	0.0	0.0	0.0	0.0	0.0	0.0	0.0	1.0	0.0	0.0	0.0	0.0	0.0	0.0
CCGTTCAAGATTACCC	2	Muscle-derived stem cell	0.0	0	0	0	0	0	0	0	0	60	0	0	0	0	0	0	0	0	0	0	0	56	0	0	0	0	0	0	0	0	0	0	0	0	0	0	0.0	0.0	1.0	0.0	0.0	0.0	0.0	0.0	0.0	0.0	0.0	0.0	0.0	0.0
CGTTAGACAAGTACCT	2	Muscle-derived stem cell	0.0	0	0	0	0	0	0	0	0	0	0	0	0	0	0	0	0	0	0	0	0	57	0	0	0	0	0	0	0	56	0	0	0	0	0	0	0.0	0.0	1.0	0.0	0.0	0.0	0.0	0.0	0.0	0.0	0.0	0.0	0.0	0.0
CGTTAGACATTCCTCG	12	Monocyte	0.0	0	0	0	0	0	0	0	0	0	0	0	0	0	0	0	0	0	0	0	0	0	0	0	0	0	0	0	0	0	0	0	0	0	62	62	0.0	0.0	0.0	0.0	0.0	0.0	0.0	0.0	0.0	0.0	0.0	0.0	1.0	0.0
CTACATTCAAATTGCC	2	Muscle-derived stem cell	0.0	0	0	0	0	0	0	0	0	0	0	0	0	61	0	0	0	0	0	0	0	0	0	0	0	0	0	0	0	0	0	0	0	0	0	0	0.0	0.0	1.0	0.0	0.0	0.0	0.0	0.0	0.0	0.0	0.0	0.0	0.0	0.0
CTACCCACAGCTGTAT	2	Muscle-derived stem cell	0.0	0	0	0	0	0	0	0	0	0	0	0	0	0	0	0	0	0	0	0	0	0	0	62	0	0	0	0	0	0	0	0	0	0	0	0	0.0	0.0	1.0	0.0	0.0	0.0	0.0	0.0	0.0	0.0	0.0	0.0	0.0	0.0
CTCTGGTGTTCAGCGC	2	Muscle-derived stem cell	0.0	0	0	0	0	0	0	0	0	0	0	0	0	0	0	0	0	0	0	0	0	62	0	0	0	0	0	0	0	0	0	0	0	0	0	0	0.0	0.0	1.0	0.0	0.0	0.0	0.0	0.0	0.0	0.0	0.0	0.0	0.0	0.0
CTTACCGGTGAGCGAT	2	Muscle-derived stem cell	0.0	0	0	0	0	0	0	0	0	0	0	0	0	0	0	0	0	0	0	0	0	0	62	0	0	0	0	0	0	0	0	0	0	0	0	0	0.0	0.0	1.0	0.0	0.0	0.0	0.0	0.0	0.0	0.0	0.0	0.0	0.0	0.0
GAAATGAGTTGTGGCC	2	Muscle-derived stem cell	0.0	0	0	0	0	0	0	0	0	0	0	0	0	0	0	0	0	0	0	0	0	0	0	0	0	0	0	0	0	0	0	0	0	0	60	0	0.0	0.0	1.0	0.0	0.0	0.0	0.0	0.0	0.0	0.0	0.0	0.0	0.0	0.0
GACACGCGTCAAAGCG	5	Pericyte	0.0	0	0	0	0	59	55	0	0	0	0	60	61	0	0	0	62	52	0	0	0	0	59	0	0	0	0	57	56	43	0	0	60	0	0	0	0.0	0.0	0.0	0.0	0.0	1.0	0.0	0.0	0.0	0.0	0.0	0.0	0.0	0.0
GATGAGGAGAGTCTGG	3	Myoblast	2.558770885934322e-99	0	0	0	0	62	0	0	0	0	0	61	0	0	0	0	0	0	0	0	0	0	0	0	0	0	0	0	60	0	0	0	0	0	0	0	0.0	0.0	1.1007116653992805e-101	1.0	0.0	0.0	0.0	0.0	0.0	0.0	0.0	0.0	0.0	0.0
GATGAGGTCCTTGACC	2	Muscle-derived stem cell	0.0	0	0	0	0	0	0	0	0	0	0	0	0	0	0	0	0	59	0	0	0	0	0	0	0	0	0	0	0	48	0	0	0	51	0	0	0.0	0.0	1.0	0.0	0.0	0.0	0.0	0.0	0.0	0.0	0.0	0.0	0.0	0.0
GCAGCCAAGCGTGAAC	2	Muscle-derived stem cell	0.0	0	0	0	0	0	0	0	0	0	0	0	0	0	0	0	0	0	0	0	0	0	0	0	0	0	0	0	0	0	0	0	61	0	0	0	0.0	0.0	1.0	0.0	0.0	0.0	0.0	0.0	0.0	0.0	0.0	0.0	0.0	0.0
GCTGGGTTCCGTAGGC	2	Muscle-derived stem cell	0.0	0	0	0	0	0	0	0	0	0	0	0	0	59	0	0	0	0	0	0	0	0	0	0	0	0	0	0	61	0	0	0	0	0	0	0	0.0	0.0	1.0	0.0	0.0	0.0	0.0	0.0	0.0	0.0	0.0	0.0	0.0	0.0
GGAGCAACACGAGGTA	2	Muscle-derived stem cell	0.0	0	0	0	0	0	0	0	0	0	0	0	0	0	0	0	0	0	0	0	0	0	0	0	0	0	0	0	0	62	0	0	0	60	0	0	0.0	0.0	1.0	0.0	0.0	0.0	0.0	0.0	0.0	0.0	0.0	0.0	0.0	0.0
GGAGCAATCTCTAGGA	6	Smooth muscle myoblast	0.0	0	58	0	56	58	54	61	0	0	58	0	0	0	0	0	0	0	61	0	0	0	60	0	0	0	0	0	53	0	0	0	0	0	0	0	0.0	0.0	0.0	0.0	0.0	0.0	1.0	0.0	0.0	0.0	0.0	0.0	0.0	0.0
GGGATGAGTCTAGGTT	12	Monocyte	3.5145474496573616e-101	0	0	57	0	0	0	0	0	0	0	57	60	0	0	0	0	56	0	0	0	0	0	55	0	0	0	0	0	51	0	0	0	53	56	0	0.0	0.0	1.484363929594139e-103	0.0	0.0	0.0	0.0	0.0	0.0	0.0	0.0	0.0	1.0	0.0
GGGATGATCCGTCAAA	2	Muscle-derived stem cell	0.0	0	0	0	0	0	0	0	0	0	0	62	0	0	0	0	0	0	0	0	0	0	0	0	0	0	0	0	0	0	0	0	0	0	0	0	0.0	0.0	1.0	0.0	0.0	0.0	0.0	0.0	0.0	0.0	0.0	0.0	0.0	0.0
GTCATTTCACGTCTCT	2	Muscle-derived stem cell	0.0	0	0	0	0	0	0	0	0	0	0	0	0	58	0	0	0	0	0	0	0	0	0	0	0	0	0	0	0	55	0	0	0	0	0	0	0.0	0.0	1.0	0.0	0.0	0.0	0.0	0.0	0.0	0.0	0.0	0.0	0.0	0.0
GTCATTTGTATGCTTG	0	Cell of skeletal muscle	0.0	61	0	0	0	0	0	0	0	0	0	0	0	0	0	0	0	0	0	0	0	0	0	0	0	0	0	0	0	0	0	0	0	0	0	0	1.0	0.0	0.0	0.0	0.0	0.0	0.0	0.0	0.0	0.0	0.0	0.0	0.0	0.0
GTCGTAATCGGCATCG	6	Smooth muscle myoblast	0.0	0	56	58	58	0	56	60	0	0	59	56	59	0	0	0	0	0	60	61	0	0	58	0	0	0	0	0	55	0	0	0	0	0	0	0	0.0	0.0	0.0	0.0	0.0	0.0	1.0	0.0	0.0	0.0	0.0	0.0	0.0	0.0
GTGCTTCCACACCGCA	2	Muscle-derived stem cell	0.0	0	0	0	0	0	0	0	0	0	0	0	0	0	0	0	0	0	0	62	0	0	0	0	0	0	0	0	0	54	0	0	0	0	0	0	0.0	0.0	1.0	0.0	0.0	0.0	0.0	0.0	0.0	0.0	0.0	0.0	0.0	0.0
GTGTTAGTCGCATGAT	0	Cell of skeletal muscle	0.0	62	0	0	0	0	0	0	0	0	0	0	0	0	0	0	0	0	0	0	0	0	0	0	0	0	0	0	0	0	0	0	0	0	0	0	1.0	0.0	0.0	0.0	0.0	0.0	0.0	0.0	0.0	0.0	0.0	0.0	0.0	0.0
GTTCATTGTGCCTGCA	2	Muscle-derived stem cell	0.0	0	0	0	0	0	0	0	0	0	0	0	0	0	0	0	0	0	0	0	0	60	0	0	0	0	0	0	62	0	0	0	0	0	0	0	0.0	0.0	1.0	0.0	0.0	0.0	0.0	0.0	0.0	0.0	0.0	0.0	0.0	0.0
GTTCTCGGTGAGCGAT	2	Muscle-derived stem cell	0.0	0	0	0	0	0	0	0	0	0	62	0	0	0	0	0	0	0	0	0	0	0	0	0	0	0	0	0	0	0	0	0	0	0	0	0	0.0	0.0	1.0	0.0	0.0	0.0	0.0	0.0	0.0	0.0	0.0	0.0	0.0	0.0
TACAGTGAGTAGGCCA	7	Stem cell	4.377142028006249e-90	0	0	0	0	0	0	0	0	0	0	0	0	0	0	0	0	0	0	0	0	0	61	59	0	0	0	0	0	57	0	0	0	0	0	0	0.0	0.0	2.073407382594281e-92	0.0	0.0	0.0	0.0	1.0	0.0	0.0	0.0	0.0	0.0	0.0
TACTTACTCGCCATAA	12	Monocyte	1.9415178351577903e-86	0	0	0	0	0	0	0	0	61	0	0	0	0	0	0	0	0	0	0	0	0	0	0	0	59	0	0	0	0	0	0	0	0	58	0	0.0	0.0	9.579679896030198e-89	0.0	0.0	0.0	0.0	0.0	0.0	0.0	0.0	0.0	1.0	0.0
TAGACCAAGTCTCCTC	2	Muscle-derived stem cell	0.0	0	0	0	62	0	0	0	0	0	0	0	0	0	0	0	0	0	0	0	0	0	0	0	0	0	0	0	0	0	0	0	0	0	0	0	0.0	0.0	1.0	0.0	0.0	0.0	0.0	0.0	0.0	0.0	0.0	0.0	0.0	0.0
TAGACCATCACTTATC	2	Muscle-derived stem cell	0.0	0	0	0	0	0	0	0	0	62	0	0	0	0	0	0	0	0	0	0	0	0	0	0	0	62	0	0	0	61	0	0	0	0	0	0	0.0	0.0	1.0	0.0	0.0	0.0	0.0	0.0	0.0	0.0	0.0	0.0	0.0	0.0
TCAATCTAGTTTAGGA	12	Monocyte	0.0	0	0	0	0	0	0	0	0	0	0	0	0	0	0	0	0	0	0	0	0	0	0	0	0	61	0	62	0	0	0	0	0	0	61	61	0.0	0.0	0.0	0.0	0.0	0.0	0.0	0.0	0.0	0.0	0.0	0.0	1.0	0.0
TCACAAGCAAGCGATG	2	Muscle-derived stem cell	0.0	0	61	0	0	0	0	0	0	0	0	0	0	0	0	0	0	0	0	0	0	0	0	0	0	0	0	0	0	0	0	0	0	0	0	0	0.0	0.0	1.0	0.0	0.0	0.0	0.0	0.0	0.0	0.0	0.0	0.0	0.0	0.0
TCAGGTACAAGCGCTC	2	Muscle-derived stem cell	0.0	0	0	0	0	0	0	0	0	0	0	0	0	0	0	0	0	0	0	0	0	0	0	0	0	0	0	0	0	0	0	0	62	0	0	0	0.0	0.0	1.0	0.0	0.0	0.0	0.0	0.0	0.0	0.0	0.0	0.0	0.0	0.0
TCATTACAGGGCATGT	3	Myoblast	8.633704627382717e-96	0	0	56	0	0	0	0	0	0	0	59	0	0	0	0	0	53	0	0	0	0	0	0	0	0	0	0	0	49	0	0	0	50	0	0	0.0	0.0	3.849082820025381e-98	1.0	0.0	0.0	0.0	0.0	0.0	0.0	0.0	0.0	0.0	0.0
TCCACACAGAATTGTG	2	Muscle-derived stem cell	0.0	0	0	0	0	0	62	0	0	0	0	0	0	0	0	0	0	0	0	0	0	0	0	0	0	0	0	0	0	0	0	0	0	0	0	0	0.0	0.0	1.0	0.0	0.0	0.0	0.0	0.0	0.0	0.0	0.0	0.0	0.0	0.0
TGATTTCTCGGTCTAA	2	Muscle-derived stem cell	0.0	0	0	0	0	0	0	0	0	0	0	0	0	0	0	0	0	0	0	0	0	59	0	0	0	0	0	0	0	0	0	0	0	0	0	0	0.0	0.0	1.0	0.0	0.0	0.0	0.0	0.0	0.0	0.0	0.0	0.0	0.0	0.0
TGGTTAGCACATAACC	5	Pericyte	1.0898624595993173e-116	0	0	0	0	0	57	0	0	0	0	0	0	0	0	0	0	57	0	0	0	0	0	56	60	0	0	0	0	46	0	0	0	0	0	0	0.0	0.0	3.9977068569687813e-119	0.0	0.0	1.0	0.0	0.0	0.0	0.0	0.0	0.0	0.0	0.0
TGTCCCACACGGCGTT	2	Muscle-derived stem cell	0.0	0	0	0	0	0	0	0	0	0	0	0	62	0	0	0	0	0	0	0	0	0	0	0	0	0	0	0	0	0	0	0	0	0	0	0	0.0	0.0	1.0	0.0	0.0	0.0	0.0	0.0	0.0	0.0	0.0	0.0	0.0	0.0
TGTGGTACAGGGAGAG	2	Muscle-derived stem cell	0.0	0	0	0	0	0	0	0	0	0	0	0	0	0	0	0	0	0	0	0	0	0	0	0	62	0	0	0	0	0	0	0	0	62	0	0	0.0	0.0	1.0	0.0	0.0	0.0	0.0	0.0	0.0	0.0	0.0	0.0	0.0	0.0
TTAGGCAAGATCCGAG	2	Muscle-derived stem cell	0.0	0	0	0	0	0	0	0	0	0	0	0	0	0	0	0	0	62	0	0	0	0	0	0	0	0	0	0	0	0	0	0	0	0	0	0	0.0	0.0	1.0	0.0	0.0	0.0	0.0	0.0	0.0	0.0	0.0	0.0	0.0	0.0
TTCCCAGAGTAGGCCA	2	Muscle-derived stem cell	0.0	0	0	0	0	0	0	0	0	0	0	0	0	0	62	0	0	0	0	0	0	0	0	60	0	0	0	0	0	0	0	0	0	59	0	0	0.0	0.0	1.0	0.0	0.0	0.0	0.0	0.0	0.0	0.0	0.0	0.0	0.0	0.0
TTCGGTCAGCCGATTT	2	Muscle-derived stem cell	0.0	0	0	0	0	0	0	0	0	0	0	0	0	0	0	0	0	0	0	0	0	58	0	0	0	0	0	0	59	58	0	0	0	0	0	0	0.0	0.0	1.0	0.0	0.0	0.0	0.0	0.0	0.0	0.0	0.0	0.0	0.0	0.0
TTGAACGCAACCGCCA	1	Endothelial cell	0.0	0	57	60	60	60	0	0	62	0	60	0	0	0	0	0	0	0	0	0	0	0	0	0	0	0	0	0	0	0	0	0	0	0	0	0	0.0	1.0	0.0	0.0	0.0	0.0	0.0	0.0	0.0	0.0	0.0	0.0	0.0	0.0
TTGCGTCAGACATAAC	4	Myotube	1.7917594692280547	0	0	0	57	0	0	0	0	0	0	58	0	0	0	0	0	58	62	0	0	55	0	54	0	0	0	58	54	44	0	0	0	52	0	0	0.0	0.0	0.0	0.0	0.16666666666666674	0.0	0.0	0.0	0.16666666666666674	0.16666666666666674	0.16666666666666674	0.16666666666666674	0.0	0.16666666666666674
